CASE_ID,ACCIDENT_YEAR,PROC_DATE,JURIS,COLLISION_DATE,COLLISION_TIME,OFFICER_ID,REPORTING_DISTRICT,DAY_OF_WEEK,CHP_SHIFT,POPULATION,CNTY_CITY_LOC,SPECIAL_COND,BEAT_TYPE,CHP_BEAT_TYPE,CITY_DIVISION_LAPD,CHP_BEAT_CLASS,BEAT_NUMBER,PRIMARY_RD,SECONDARY_RD,DISTANCE,DIRECTION,INTERSECTION,WEATHER_1,WEATHER_2,STATE_HWY_IND,CALTRANS_COUNTY,CALTRANS_DISTRICT,STATE_ROUTE,ROUTE_SUFFIX,POSTMILE_PREFIX,POSTMILE,LOCATION_TYPE,RAMP_INTERSECTION,SIDE_OF_HWY,TOW_AWAY,COLLISION_SEVERITY,NUMBER_KILLED,NUMBER_INJURED,PARTY_COUNT,PRIMARY_COLL_FACTOR,PCF_CODE_OF_VIOL,PCF_VIOL_CATEGORY,PCF_VIOLATION,PCF_VIOL_SUBSECTION,HIT_AND_RUN,TYPE_OF_COLLISION,MVIW,PED_ACTION,ROAD_SURFACE,ROAD_COND_1,ROAD_COND_2,LIGHTING,CONTROL_DEVICE,CHP_ROAD_TYPE,PEDESTRIAN_ACCIDENT,BICYCLE_ACCIDENT,MOTORCYCLE_ACCIDENT,TRUCK_ACCIDENT,NOT_PRIVATE_PROPERTY,ALCOHOL_INVOLVED,STWD_VEHTYPE_AT_FAULT,CHP_VEHTYPE_AT_FAULT,COUNT_SEVERE_INJ,COUNT_VISIBLE_INJ,COUNT_COMPLAINT_PAIN,COUNT_PED_KILLED,COUNT_PED_INJURED,COUNT_BICYCLIST_KILLED,COUNT_BICYCLIST_INJURED,COUNT_MC_KILLED,COUNT_MC_INJURED,PRIMARY_RAMP,SECONDARY_RAMP,LATITUDE,LONGITUDE,COUNTY,CITY,POINT_X,POINT_Y
9391179,2021,2022-01-19,1942,2021-12-04,1940,41923,1207,6,5,7,1942,0,0,0,L,0,25735,"HOOVER ST","49TH ST",33.00,E,N,A,-,N,,,,,,,,,,N,2,0,1,2,A,-,03,22350,,F,G,B,B,-,H,-,C,D,0,Y,,,,Y,,-,99,1,0,0,0,1,0,0,0,0,"- ","- ",,,"LOS ANGELES","LOS ANGELES",-118.28713226318359,33.998741149902344
9414623,2022,2022-02-24,1942,2022-01-16,1730,41977,25MX8,7,5,7,1942,0,0,0,,0,,"HOOVER ST","80TH ST",0.00,,N,A,-,N,,,,,,,,,,N,2,0,1,2,A,-,11,21954,A,N,B,B,D,A,H,-,C,D,0,Y,,,,Y,,N,60,1,0,0,0,1,0,0,0,0,"- ","- ",,,"LOS ANGELES","LOS ANGELES",-118.28712463378906,33.966709136962891
7114402,2015,2015-11-06,1942,2015-10-20,0220,35925,1267,2,5,7,1942,0,0,0,L,0,3TL5,"HOOVER ST","82ND ST",10.00,N,N,A,-,N,,,,,,,,,,Y,2,0,1,1,A,-,03,22350,,N,E,I,A,A,H,-,D,A,0,,,,,Y,,A,07,1,0,0,0,0,0,0,0,0,"- ","- ",,,"LOS ANGELES","LOS ANGELES",-118.28711035000001,33.964297420000001
9458730,2022,2022-06-14,1942,2022-05-09,0035,41844,1208,1,5,7,1942,0,0,0,L,0,25T33,"HOOVER ST","48TH ST",0.00,N,N,A,-,N,,,,,,,,,,N,2,0,1,2,A,-,03,22350,,F,G,B,E,A,H,-,C,D,0,Y,,,,Y,,-,99,1,0,0,0,1,0,0,0,0,"- ","- ",,,"LOS ANGELES","LOS ANGELES",-118.28714752197266,33.999622344970703
9528657,2022,2022-11-30,1942,2022-10-10,0320,42364,1266,1,5,7,1942,0,0,0,L,0,25T90,"HOOVER ST","80TH ST",30.00,S,N,A,-,N,,,,,,,,,,N,2,0,1,2,A,-,11,21954,A,N,G,B,E,A,H,-,C,A,0,Y,,,,Y,,N,60,1,0,0,0,1,0,0,0,0,"- ","- ",,,"LOS ANGELES","LOS ANGELES",-118.28711700439453,33.966629028320312
9320537,2022,2022-03-25,1942,2022-02-07,1325,35393,1801,1,5,7,1942,0,0,0,R,0,25TL21,"MANCHESTER AV","HOOVER ST",0.00,,Y,A,-,N,,,,,,,,,,Y,1,1,0,2,A,-,03,22350,A,N,C,C,A,A,H,-,A,A,0,,,Y,,Y,,C,02,0,0,0,0,0,0,0,1,0,"- ","- ",,,"LOS ANGELES","LOS ANGELES",-118.28705596923828,33.960052490234375
9721138,2024,2024-08-14,1942,2024-06-19,1810,41977,1248,3,5,7,1942,0,0,0,L,0,25MQ52,"HOOVER ST","FLORENCE AV",3.00,E,N,A,-,N,,,,,,,,,,N,2,0,1,2,A,-,11,21954,A,N,G,B,D,A,H,-,A,A,0,Y,,,,Y,,N,60,1,0,0,0,1,0,0,0,0,"- ","- ",,,"LOS ANGELES","LOS ANGELES",-118.287109375,33.974639892578125
9540009,2022,2023-01-25,1942,2022-11-24,1925,38111,1257,4,5,7,1942,0,0,0,L,0,25TL33,"HOOVER ST","79TH ST",0.00,,Y,A,-,N,,,,,,,,,,N,2,0,1,2,A,-,11,21955,,F,G,B,B,A,H,-,A,A,0,Y,,,,Y,Y,N,60,1,0,0,0,1,0,0,0,0,"- ","- ",,,"LOS ANGELES","LOS ANGELES",-118.28712463378906,33.967819213867188
9693806,2022,2024-04-27,1942,2022-12-04,0130,39360,1248,7,5,7,1942,0,0,0,L,0,25TL33,"FLORENCE AV","HOOVER ST",70.00,W,N,B,-,N,,,,,,,,,,N,2,0,1,2,A,-,03,22350,,F,C,G,A,A,H,-,C,A,0,,Y,,,Y,,-,99,1,0,0,0,0,0,1,0,0,"- ","- ",,,"LOS ANGELES","LOS ANGELES",-118.28733825683594,33.974639892578125
7166494,2015,2016-01-26,1942,2015-12-10,1730,38108,1249,4,5,7,1942,0,0,0,L,0,12X56,"HOOVER ST","66TH ST",0.00,,Y,C,-,N,,,,,,,,,,N,2,0,1,3,A,-,03,22350,A,F,C,C,A,B,H,-,C,D,0,,,Y,,Y,,-,99,1,0,0,0,0,0,0,0,1,"- ","- ",,,"LOS ANGELES","LOS ANGELES",-118.28709012,33.97944012
9549576,2023,2023-04-07,1942,2023-02-10,1740,42720,1256,5,5,7,1942,0,0,0,L,0,25T31W,"HOOVER ST","74TH ST",10.00,N,N,A,-,N,,,,,,,,,,N,2,0,1,2,A,-,09,21804,A,N,D,G,A,A,H,-,C,A,0,,Y,,,Y,,L,04,1,0,0,0,0,0,1,0,0,"- ","- ",,,"LOS ANGELES","LOS ANGELES",-118.28711700439453,33.972705841064453
9462557,2022,2022-07-15,1942,2022-06-01,1325,41923,1257,3,5,7,1942,0,0,0,L,0,25TL21,"HOOVER ST","79TH ST",0.00,,Y,A,-,N,,,,,,,,,,Y,2,0,3,2,A,-,12,21453,A,N,D,C,A,A,H,-,A,A,0,,,,,Y,,A,07,1,0,2,0,0,0,0,0,0,"- ","- ",,,"LOS ANGELES","LOS ANGELES",-118.28712463378906,33.967819213867188
7171769,2015,2016-02-02,1942,2015-01-16,2325,41072,1267,5,5,7,1942,0,0,0,L,0,12T41,"MANCHESTER AV","HOOVER ST",65.00,W,N,A,-,N,,,,,,,,,,N,2,0,1,2,A,-,11,21955,,N,G,B,D,A,H,-,C,A,0,Y,,,,Y,,N,60,1,0,0,0,1,0,0,0,0,"- ","- ",,,"LOS ANGELES","LOS ANGELES",-118.28727388,33.960045890000004
9058980,2020,2020-03-20,1942,2020-03-03,1630,40832,1207,2,5,7,1942,0,0,0,L,0,12Z1,"49TH ST","HOOVER ST",0.00,,Y,A,-,N,,,,,,,,,,N,2,0,1,2,A,-,09,21801,A,N,D,C,A,A,H,-,A,D,0,,,,,Y,,-,,1,0,0,0,0,0,0,0,0,"- ","- ",,,"LOS ANGELES","LOS ANGELES",-118.28713226318359,33.998741149902344
8648037,2018,2018-07-17,1942,2018-07-03,2105,41977,1267,2,5,7,1942,0,0,0,L,0,12A67,"S HOOVER ST","W 84TH ST",0.00,,Y,A,-,N,,,,,,,,,,N,1,1,0,2,A,-,10,21950,A,F,G,B,B,A,H,-,C,A,0,Y,,,,Y,,-,99,0,0,0,1,0,0,0,0,0,"- ","- ",,,"LOS ANGELES","LOS ANGELES",-118.28710174560547,33.962440490722656
8645140,2018,2018-07-03,1942,2018-05-21,1430,41849,1249,1,5,7,1942,0,0,0,L,0,12A51W,"GAGE AV","HOOVER ST",100.00,E,N,A,-,N,,,,,,,,,,N,2,0,1,2,D,-,00,,,F,-,B,E,A,H,-,A,D,0,Y,,,,Y,,-,"- ",1,0,0,0,1,0,0,0,0,"- ","- ",,,"LOS ANGELES","LOS ANGELES",-118.28678131103516,33.982418060302734
9682634,2023,2024-05-29,1942,2023-03-19,2000,43432,1249,7,5,7,1942,0,0,0,L,0,25TL33,"GAGE AV","HOOVER ST",50.00,W,N,C,-,N,,,,,,,,,,N,2,0,1,2,A,-,11,21954,A,N,G,B,D,B,H,-,C,A,0,Y,,,,Y,,N,60,1,0,0,0,1,0,0,0,0,"- ","- ",,,"LOS ANGELES","LOS ANGELES",-118.28725433349609,33.981891632080078
6682010,2014,2014-11-14,1942,2014-09-27,0120,36646,1218,6,5,7,1942,0,0,0,L,0,18T23,"SLAUSON AV","HOOVER ST",25.00,W,N,A,-,N,,,,,,,,,,N,2,0,2,2,D,-,00,,,N,D,C,A,A,H,-,C,A,0,,Y,,,Y,,-,"- ",1,0,1,0,0,0,1,0,0,"- ","- ",,,"LOS ANGELES","LOS ANGELES",-118.28722231,33.989139999999999
9211582,2020,2021-02-11,1942,2020-09-25,1908,37737,1218,5,5,7,1942,0,0,0,L,0,31B123,"HOOVER ST","54TH ST",0.00,,Y,A,-,N,,,,,,,,,,Y,1,1,3,4,A,-,01,23152,A,F,D,C,A,A,H,-,C,A,0,,,,,Y,,A,07,1,2,0,0,0,0,0,0,0,"- ","- ",,,"LOS ANGELES","LOS ANGELES",-118.28714752197266,33.993251800537109
8812219,2018,2019-02-28,1942,2018-12-08,0320,43384,1201,6,5,7,1942,0,0,0,L,0,1201,"50TH PL","HOOVER ST",70.00,W,N,A,-,N,,,,,,,,,,Y,2,0,1,5,A,-,03,22350,,N,A,E,A,A,H,-,C,D,0,,,,,Y,,A,01,1,0,0,0,0,0,0,0,0,"- ","- ",,,"LOS ANGELES","LOS ANGELES",-118.28736877441406,33.996990203857422
6967457,2015,2016-06-03,1942,2015-06-10,0010,36571,1801,3,5,7,1942,0,0,0,R,0,12T41,"HOOVER ST","MANCHESTER AV",0.00,,Y,A,-,N,,,,,,,,,,Y,2,0,3,2,A,-,09,21801,A,F,D,C,A,A,H,-,C,A,0,,,Y,,Y,,A,01,2,1,0,0,0,0,0,0,1,"- ","- ",,,"LOS ANGELES","LOS ANGELES",-118.28706011,33.960050070000001
8015503,2016,2016-05-06,1942,2016-03-16,1830,41663,0398,3,5,7,1942,0,0,0,C,0,3A32,"VERNON AV","HOOVER ST",0.00,,Y,A,-,N,,,,,,,,,,N,2,0,1,2,A,-,03,22350,,N,G,-,A,A,H,-,A,D,0,,,Y,,Y,,O,05,1,0,0,0,0,0,0,0,1,"- ","- ",,,"LOS ANGELES","LOS ANGELES",-118.28717,34.003720049999998
9799484,2024,2025-04-01,1942,2024-11-14,1300,45432,1257,4,5,7,1942,0,0,0,L,0,12A57,"78TH ST","S HOOVER ST",0.00,,N,A,-,N,,,,,,,,,,N,2,0,1,2,D,-,00,,,F,A,B,-,A,H,-,A,-,0,Y,,,,Y,,-,"- ",1,0,0,0,1,0,0,0,0,"- ","- ",,,"LOS ANGELES","LOS ANGELES",-118.28713226318359,33.968788146972656
8662688,2018,2018-07-26,1942,2018-02-05,2025,41832,1218,1,5,7,1942,0,0,0,L,0,12X4,"HOOVER ST","56TH ST",0.00,,Y,B,-,N,,,,,,,,,,Y,2,0,2,4,A,-,09,21804,A,N,D,C,A,A,H,-,-,A,0,,,,,Y,,A,08,1,0,1,0,0,0,0,0,0,"- ","- ",,,"LOS ANGELES","LOS ANGELES",-118.28713989257812,33.991428375244141
8174536,2016,2016-12-23,1942,2016-11-08,1430,42148,1239,2,5,7,1942,0,0,0,L,0,12A51,HOOVER,"61ST ST",0.00,,Y,A,-,N,,,,,,,,,,Y,2,0,3,3,A,-,03,22350,,N,A,C,A,A,H,-,A,D,0,,,Y,,Y,,C,02,1,0,2,0,0,0,0,0,1,"- ","- ",,,"LOS ANGELES","LOS ANGELES",-118.28707013,33.98462001
8549987,2018,2018-02-12,1942,2018-01-28,2000,41870,1249,7,5,7,1942,0,0,0,L,0,12A49,"W GAGE AV","HOOVER ST",440.00,E,N,A,-,N,,,,,,,,,,N,2,0,1,2,A,-,11,21956,A,N,G,B,D,A,H,-,C,D,0,Y,,,,Y,,N,60,1,0,0,0,1,0,0,0,0,"- ","- ",,,"LOS ANGELES","LOS ANGELES",-118.28683471679688,33.982269287109375
9725334,2024,2024-08-26,1942,2024-07-07,"355 ",43207,0396,7,5,7,1942,0,0,0,C,0,25T31,"VERNON AV","HOOVER ST",0.00,,Y,A,-,N,,,,,,,,,,Y,2,0,1,3,A,-,03,22350,,F,G,B,B,A,H,-,C,A,0,Y,,,,Y,,-,99,1,0,0,0,1,0,0,0,0,"- ","- ",,,"LOS ANGELES","LOS ANGELES",-118.28717041015625,34.003719329833984
9476715,2022,2022-07-26,1942,2022-06-16,1715,33397,1257,4,5,7,1942,0,0,0,L,0,25MQ51,"HOOVER ST","77TH ST",0.00,,N,A,-,N,,,,,,,,,,Y,2,0,4,3,A,-,05,21651,A,N,A,C,A,A,H,-,A,A,0,,,,,Y,,D,22,1,2,1,0,0,0,0,0,0,"- ","- ",,,"LOS ANGELES","LOS ANGELES",-118.28713226318359,33.969779968261719
8725688,2018,2018-11-02,1942,2018-10-20,2115,41072,1218,6,5,7,1942,0,0,0,L,0,25TL29,"HOOVER ST","52ND ST",46.00,N,N,A,-,N,,,,,,,,,,N,2,0,1,2,A,-,11,21955,,N,G,B,D,A,H,-,C,A,0,Y,,,,Y,Y,N,60,1,0,0,0,1,0,0,0,0,"- ","- ",,,"LOS ANGELES","LOS ANGELES",-118.28716278076172,33.995826721191406
8743826,2018,2018-12-19,1942,2018-10-14,1900,43230,1239,7,5,7,1942,0,0,0,L,0,12A39,"HOOVER ST","SLAUSON AV",30.00,S,N,A,-,N,,,,,,,,,,N,2,0,1,2,A,-,03,22350,,F,B,B,D,A,H,-,C,A,0,Y,,,,Y,,-,99,1,0,0,0,1,0,0,0,0,"- ","- ",,,"LOS ANGELES","LOS ANGELES",-118.28713226318359,33.989059448242188
9749395,2024,2024-10-28,1942,2024-09-02,2225,42720,1257,1,5,7,1942,0,0,0,L,0,25T37W,"HOOVER ST","79TH ST",56.00,N,N,A,-,N,,,,,,,,,,N,2,0,1,2,A,-,08,22107,,F,D,G,A,A,H,-,C,A,0,,Y,,,Y,,L,04,1,0,0,0,0,0,1,0,0,"- ","- ",,,"LOS ANGELES","LOS ANGELES",-118.28712463378906,33.967971801757812
9216944,2020,2021-02-16,1942,2020-12-09,1748,44335,1256,3,5,7,1942,0,0,0,L,0,12A3,"HOOVER ST","76TH ST",0.00,,Y,A,-,N,,,,,,,,,,N,2,0,2,5,A,-,03,22350,,N,B,C,A,A,H,-,C,A,0,,,,,Y,,-,,1,0,1,0,0,0,0,0,0,"- ","- ",,,"LOS ANGELES","LOS ANGELES",-118.28711700439453,33.970748901367188
9320592,2022,2022-04-20,1942,2022-02-26,1910,40404,1267,6,5,7,1942,0,0,0,L,0,25T31,"HOOVER ST","84TH ST",11.00,S,N,A,-,N,,,,,,,,,,N,1,1,2,4,A,-,10,21950,A,F,G,B,B,A,H,-,C,A,0,Y,,,,Y,,-,99,0,2,0,1,2,0,0,0,0,"- ","- ",,,"LOS ANGELES","LOS ANGELES",-118.28710174560547,33.962078094482422
9491510,2022,2022-09-20,1942,2022-08-06,0045,43357,1218,6,5,7,1942,0,0,0,L,0,12A51,"HOOVER ST","SLAUSON AV",25.00,N,N,A,-,N,,,,,,,,,,Y,2,0,2,2,A,-,03,22350,,N,D,C,A,A,H,-,C,A,0,,,,,Y,,-,"- ",1,1,0,0,0,0,0,0,0,"- ","- ",,,"LOS ANGELES","LOS ANGELES",-118.28713989257812,33.989208221435547
9741785,2024,2024-10-16,1942,2024-09-16,2100,44064,1267,1,5,7,1942,0,0,0,L,0,12A57W,MANCHESTER,"HOOVER ST",0.00,,Y,A,-,N,,,,,,,,,,Y,2,0,2,2,A,-,03,22350,,N,A,C,A,A,H,-,C,D,0,,,,,Y,,A,07,2,0,0,0,0,0,0,0,0,"- ","- ",,,"LOS ANGELES","LOS ANGELES",-118.28705596923828,33.960052490234375
6533758,2014,2014-08-20,1942,2014-06-07,0100,35213,1266,6,5,7,1942,0,0,0,L,0,12A31,"HOOVER ST","82ND ST",5.00,N,N,A,-,N,,,,,,,,,,Y,2,0,1,2,A,-,12,21453,A,F,D,C,A,A,H,-,C,A,0,,,,,Y,,D,22,1,0,0,0,0,0,0,0,0,"- ","- ",,,"LOS ANGELES","LOS ANGELES",-118.28711018,33.964283709999997
8160943,2016,2016-11-09,1942,2016-10-21,2215,41977,1257,5,5,7,1942,0,0,0,L,0,12T41,"HOOVER ST","76TH ST",0.00,,Y,A,-,N,,,,,,,,,,Y,2,0,1,2,A,-,09,21801,A,F,A,C,A,A,H,-,C,A,0,,,,,Y,,A,08,1,0,0,0,0,0,0,0,0,"- ","- ",,,"LOS ANGELES","LOS ANGELES",-118.28712002,33.970750109999997
9523177,2022,2022-12-23,1942,2022-10-30,2000,44873,1821,7,5,7,1942,0,0,0,R,0,18A17,"MANCHESTER AV","HOOVER ST",0.00,,Y,A,-,N,,,,,,,,,,Y,2,0,2,2,D,-,00,,,N,A,-,A,A,H,-,C,A,0,,,,,Y,,-,"- ",2,0,0,0,0,0,0,0,0,"- ","- ",,,"LOS ANGELES","LOS ANGELES",-118.28705596923828,33.960052490234375
6381404,2014,2014-06-03,1942,2014-01-31,1125,39028,1239,5,5,7,1942,0,0,0,L,0,3TL5,"HOOVER ST","60TH ST",0.00,,Y,B,-,N,,,,,,,,,,Y,2,0,4,3,A,-,09,21801,A,N,D,C,F,A,H,-,A,A,0,Y,,,,Y,,D,22,1,2,1,0,1,0,0,0,0,"- ","- ",,,"LOS ANGELES","LOS ANGELES",-118.28705008,33.985500049999999
6942223,2015,2015-06-29,1942,2015-05-06,1555,40458,LOSAN,3,5,7,1942,0,0,0,,0,0398,HOOVER,"VERNON AV",0.00,,Y,A,-,N,,,,,,,,,,Y,2,0,1,2,A,-,12,21453,A,N,D,C,A,A,H,-,A,A,0,,,Y,,Y,,C,02,1,0,0,0,0,0,0,0,1,"- ","- ",,,"LOS ANGELES","LOS ANGELES",-118.28717,34.003720049999998
9317325,2021,2021-09-17,1942,2021-08-09,2225,43092,1207,1,5,7,1942,0,0,0,L,0,12A15,"50TH ST","HOOVER ST",25.00,E,N,A,-,N,,,,,,,,,,N,2,0,1,1,A,-,03,22350,,N,E,I,A,A,H,-,C,D,0,,,,,Y,,A,01,1,0,0,0,0,0,0,0,0,"- ","- ",,,"LOS ANGELES","LOS ANGELES",-118.28713989257812,33.997879028320312
9558557,2023,2023-03-25,1942,2023-02-08,2120,42364,1239,3,5,7,1942,0,0,0,L,0,25T35W,"HOOVER AV","61ST ST",45.00,N,N,A,-,N,,,,,,,,,,N,2,0,1,3,A,-,11,21954,A,F,G,B,D,A,H,-,C,A,0,Y,,,,Y,,N,60,1,0,0,0,1,0,0,0,0,"- ","- ",,,"LOS ANGELES","LOS ANGELES",-118.28707122802734,33.984302520751953
8584191,2018,2018-03-29,1942,2018-03-19,1950,40105,1249,1,5,7,1942,0,0,0,L,0,12A49,"HOOVER ST","66TH ST",69.00,N,N,A,-,N,,,,,,,,,,Y,2,0,2,2,A,-,03,22350,,N,D,C,A,A,H,-,C,-,0,,,,,Y,,D,22,2,0,0,0,0,0,0,0,0,"- ","- ",,,"LOS ANGELES","LOS ANGELES",-118.28708648681641,33.979629516601562
9786204,2024,2025-05-03,1942,2024-12-22,1815,38598,1266,7,5,7,1942,0,0,0,L,0,25T31,"HOOVER ST","81ST ST",13.00,E,N,A,-,N,,,,,,,,,,N,1,1,0,2,A,-,10,21950,,N,G,B,B,A,H,-,C,A,0,Y,,,,Y,,A,01,0,0,0,1,0,0,0,0,0,"- ","- ",,,"LOS ANGELES","LOS ANGELES",-118.28711700439453,33.965450286865234
9540010,2022,2023-01-25,1942,2022-11-24,1927,38111,1257,4,5,7,1942,0,0,0,L,0,25TL33,"HOOVER ST","79TH ST",0.00,,Y,A,-,N,,,,,,,,,,N,2,0,1,2,A,-,11,21955,,F,G,B,B,A,H,-,A,A,0,Y,,,,Y,Y,N,60,1,0,0,0,1,0,0,0,0,"- ","- ",,,"LOS ANGELES","LOS ANGELES",-118.28712463378906,33.967819213867188